method,train_time,test_time,mae,nll,crps,dataset,seed
ella,4949.2543795108795,131.70203375816345,0.030295075368881225,-1.784261328125,0.022063706442713736,QM9,1
