method,train_time,test_time,mae,nll,crps,dataset,seed
ella,4899.172989368439,130.38031911849976,0.030253805351257324,-1.803197265625,0.021980839186906815,QM9,4
