method,train_time,test_time,mae,nll,crps,dataset,seed
ella,4886.701792001724,131.10966277122498,0.030414593505859375,-1.7891546875,0.0221642049908638,QM9,2
