method,train_time,test_time,mae,nll,crps,dataset,seed
ella,4909.112020969391,131.08673119544983,0.02967633445262909,-1.82330546875,0.021581332617998123,QM9,0
