method,train_time,test_time,mae,nll,crps,dataset,seed
ella,4919.093309164047,131.99579167366028,0.030211900424957274,-1.80200859375,0.021943791925907136,QM9,3
