method,train_time,test_time,mae,nll,crps,dataset,seed
fmgp,17342.083569526672,127.32717776298523,0.030176069403140663,-1.828813987809512,0.021998573577430614,QM9,3
