method,train_time,test_time,mae,nll,crps,dataset,seed
fmgp,17595.012711763382,132.45053839683533,0.029577451170368745,-1.87231698364915,0.02152902918726162,QM9,4
