method,train_time,test_time,mae,nll,crps,dataset,seed
fmgp,17545.309116601944,129.631831407547,0.030046457619169915,-1.8538716636296653,0.021847906237737767,QM9,1
