method,train_time,test_time,mae,nll,crps,dataset,seed
fmgp,17405.21596980095,128.0007963180542,0.0300361647472887,-1.876680844668772,0.021545730338641673,QM9,0
