method,train_time,test_time,mae,nll,crps,dataset,seed
fmgp,17467.402539014816,127.46717023849487,0.02960565024317757,-1.8679288753257202,0.02152593364686327,QM9,2
