method,train_time,test_time,mae,nll,crps,dataset,seed
lla,1873.995327949524,130.39423847198486,0.030180956721305847,-1.7446173828125,0.022139984357357024,QM9,3
