method,train_time,test_time,mae,nll,crps,dataset,seed
lla,1896.0440554618835,132.9838650226593,0.030039999508857728,-1.78567265625,0.021931683245301245,QM9,0
