method,train_time,test_time,mae,nll,crps,dataset,seed
lla,1875.8144738674164,135.66770315170288,0.029581744480133055,-1.8060109375,0.021658486133813857,QM9,4
