method,train_time,test_time,mae,nll,crps,dataset,seed
lla,1852.3428890705109,131.77061462402344,0.030052131962776184,-1.7820083984375,0.02195390223264694,QM9,1
