method,train_time,test_time,mae,nll,crps,dataset,seed
lla,1877.2442226409912,135.77331280708313,0.029610840129852295,-1.7988703125,0.021672136926651,QM9,2
