method,train_time,test_time,mae,nll,crps,dataset,seed
map,1356.8222925662994,142.106463432312,0.029577451170368745,-1.7794772917257364,0.021965635161926778,QM9,4
