method,train_time,test_time,mae,nll,crps,dataset,seed
map,1341.240723848343,135.32416367530823,0.030046457619169915,-1.760780370362405,0.02225031272205825,QM9,1
