method,train_time,test_time,mae,nll,crps,dataset,seed
map,1336.50971865654,135.63177251815796,0.029605650243177593,-1.773977473981327,0.02197990656311265,QM9,2
