method,train_time,test_time,mae,nll,crps,dataset,seed
map,1338.1898486614227,135.92200756072998,0.030176069403140666,-1.7322815006942383,0.022442659247894015,QM9,3
