method,train_time,test_time,mae,nll,crps,dataset,seed
map,1298.4710955619812,129.2076222896576,0.0300361647472887,-1.76309412017143,0.02221773884394964,QM9,0
